normalized_stock_code,observed_stock_code,row_count,distinct_description_count,missing_description_rows,min_description,max_description,first_seen,last_seen
15056BL,15056BL,326,1,0,EDWARDIAN PARASOL BLACK,EDWARDIAN PARASOL BLACK,2010-12-01 09:41:00,2011-12-09 10:20:00
15056BL,15056bl,62,1,0,EDWARDIAN PARASOL BLACK,EDWARDIAN PARASOL BLACK,2010-12-03 11:13:00,2011-12-09 10:26:00
15056N,15056N,465,1,0,EDWARDIAN PARASOL NATURAL,EDWARDIAN PARASOL NATURAL,2010-12-01 09:41:00,2011-12-09 10:20:00
15056N,15056n,84,1,0,EDWARDIAN PARASOL NATURAL,EDWARDIAN PARASOL NATURAL,2010-12-07 15:32:00,2011-11-30 14:11:00
15056P,15056P,148,1,0,EDWARDIAN PARASOL PINK,EDWARDIAN PARASOL PINK,2010-12-01 16:01:00,2011-12-08 13:50:00
15056P,15056p,26,1,0,EDWARDIAN PARASOL PINK,EDWARDIAN PARASOL PINK,2010-12-03 11:13:00,2011-12-05 11:48:00
15060B,15060B,134,1,2,FAIRY CAKE DESIGN UMBRELLA,FAIRY CAKE DESIGN UMBRELLA,2010-12-02 14:30:00,2011-11-18 14:57:00
15060B,15060b,3,1,0,FAIRY CAKE DESIGN UMBRELLA,FAIRY CAKE DESIGN UMBRELLA,2011-09-20 14:46:00,2011-11-20 13:58:00
18098C,18098C,55,1,2,PORCELAIN BUTTERFLY OIL BURNER,PORCELAIN BUTTERFLY OIL BURNER,2010-12-01 14:32:00,2011-08-08 13:11:00
18098C,18098c,12,1,0,PORCELAIN BUTTERFLY OIL BURNER,PORCELAIN BUTTERFLY OIL BURNER,2010-12-03 11:28:00,2010-12-21 15:17:00
35809A,35809A,64,1,1,ENAMEL PINK TEA CONTAINER,ENAMEL PINK TEA CONTAINER,2010-12-07 15:28:00,2011-06-09 15:34:00
35809A,35809a,9,1,0,ENAMEL PINK TEA CONTAINER,ENAMEL PINK TEA CONTAINER,2010-12-09 16:26:00,2011-05-10 15:07:00
46776A,46776A,70,1,0,WOVEN BUBBLE GUM CUSHION COVER,WOVEN BUBBLE GUM CUSHION COVER,2010-12-06 10:08:00,2011-12-09 10:03:00
46776A,46776a,1,1,0,WOVEN BUBBLE GUM CUSHION COVER,WOVEN BUBBLE GUM CUSHION COVER,2011-10-31 14:41:00,2011-10-31 14:41:00
46776B,46776B,88,1,0,WOVEN BERRIES CUSHION COVER,WOVEN BERRIES CUSHION COVER,2010-12-01 17:06:00,2011-12-09 10:03:00
46776B,46776b,1,1,0,WOVEN BERRIES CUSHION COVER,WOVEN BERRIES CUSHION COVER,2011-10-31 14:41:00,2011-10-31 14:41:00
46776E,46776E,38,1,0,WOVEN CANDY CUSHION COVER,WOVEN CANDY CUSHION COVER,2010-12-06 09:58:00,2011-12-09 10:03:00
46776E,46776e,1,1,0,WOVEN CANDY CUSHION COVER,WOVEN CANDY CUSHION COVER,2011-10-31 14:41:00,2011-10-31 14:41:00
46776F,46776F,89,1,0,WOVEN ROSE GARDEN CUSHION COVER,WOVEN ROSE GARDEN CUSHION COVER,2010-12-10 09:51:00,2011-12-09 10:03:00
46776F,46776f,1,1,0,WOVEN ROSE GARDEN CUSHION COVER,WOVEN ROSE GARDEN CUSHION COVER,2011-10-31 14:41:00,2011-10-31 14:41:00
47518F,47518F,28,1,0,ICON PLACEMAT POP ART ELVIS,ICON PLACEMAT POP ART ELVIS,2011-01-06 15:29:00,2011-11-29 12:09:00
47518F,47518f,5,1,0,ICON PLACEMAT POP ART ELVIS,ICON PLACEMAT POP ART ELVIS,2010-12-21 15:20:00,2011-10-26 14:42:00
47559B,47559B,292,1,1,TEA TIME OVEN GLOVE,TEA TIME OVEN GLOVE,2010-12-01 14:32:00,2011-12-09 10:03:00
47559B,47559b,28,1,0,TEA TIME OVEN GLOVE,TEA TIME OVEN GLOVE,2010-12-03 14:27:00,2011-12-08 10:53:00
47566B,47566B,376,3,0,TEA TIME PARTY BUNTING,reverse previous adjustment,2010-12-01 17:06:00,2011-12-04 13:20:00
47566B,47566b,102,1,0,TEA TIME PARTY BUNTING,TEA TIME PARTY BUNTING,2010-12-03 11:13:00,2011-11-08 15:24:00
47570B,47570B,33,1,2,TEA TIME TABLE CLOTH,TEA TIME TABLE CLOTH,2010-12-01 11:21:00,2011-09-07 10:15:00
47570B,47570b,2,1,0,TEA TIME TABLE CLOTH,TEA TIME TABLE CLOTH,2010-12-07 15:34:00,2011-01-25 14:01:00
47590B,47590B,399,2,0,PINK HAPPY BIRTHDAY BUNTING,check,2010-12-01 17:06:00,2011-12-09 10:03:00
47590B,47590b,9,1,0,PINK HAPPY BIRTHDAY BUNTING,PINK HAPPY BIRTHDAY BUNTING,2011-01-18 16:05:00,2011-11-13 11:50:00
47591B,47591B,59,2,2,?,SCOTTIES CHILDRENS APRON,2010-12-01 14:32:00,2011-12-06 09:30:00
47591B,47591b,1,1,0,SCOTTIES CHILDRENS APRON,SCOTTIES CHILDRENS APRON,2011-12-08 10:53:00,2011-12-08 10:53:00
47591D,47591D,442,1,1,PINK FAIRY CAKE CHILDRENS APRON,PINK FAIRY CAKE CHILDRENS APRON,2010-12-01 14:32:00,2011-12-08 16:30:00
47591D,47591d,56,1,0,PINK FAIRY CAKE CHILDRENS APRON,PINK FAIRY CAKE CHILDRENS APRON,2010-12-03 14:27:00,2011-11-29 15:08:00
47593B,47593B,247,1,0,SCOTTIE DOGS BABY BIB,SCOTTIE DOGS BABY BIB,2010-12-01 14:32:00,2011-12-08 09:28:00
47593B,47593b,1,1,0,SCOTTIE DOGS BABY BIB,SCOTTIE DOGS BABY BIB,2011-10-31 14:41:00,2011-10-31 14:41:00
48173C,48173C,192,1,1,DOORMAT BLACK FLOCK,DOORMAT BLACK FLOCK,2010-12-01 12:23:00,2011-12-08 09:20:00
48173C,48173c,7,1,0,DOORMAT BLACK FLOCK,DOORMAT BLACK FLOCK,2010-12-03 14:27:00,2011-05-03 09:44:00
51014C,51014C,179,1,0,"FEATHER PEN,COAL BLACK","FEATHER PEN,COAL BLACK",2010-12-01 14:54:00,2011-12-08 19:28:00
51014C,51014c,1,1,0,"FEATHER PEN,COAL BLACK","FEATHER PEN,COAL BLACK",2011-10-31 14:41:00,2011-10-31 14:41:00
72349B,72349B,116,1,0,SET/6 PURPLE BUTTERFLY T-LIGHTS,SET/6 PURPLE BUTTERFLY T-LIGHTS,2010-12-05 11:57:00,2011-12-09 10:03:00
72349B,72349b,82,1,0,SET/6 PURPLE BUTTERFLY T-LIGHTS,SET/6 PURPLE BUTTERFLY T-LIGHTS,2010-12-03 11:13:00,2011-12-09 10:26:00
72351A,72351A,156,1,0,SET/6 TURQUOISE BUTTERFLY T-LIGHTS,SET/6 TURQUOISE BUTTERFLY T-LIGHTS,2010-12-03 11:36:00,2011-12-08 16:14:00
72351A,72351a,12,1,0,SET/6 TURQUOISE BUTTERFLY T-LIGHTS,SET/6 TURQUOISE BUTTERFLY T-LIGHTS,2010-12-07 15:34:00,2011-10-26 14:42:00
72801C,72801C,20,2,0,4 ROSE PINK DINNER CANDLES,check,2010-12-02 14:47:00,2011-12-08 19:24:00
72801C,72801c,25,1,0,4 ROSE PINK DINNER CANDLES,4 ROSE PINK DINNER CANDLES,2011-01-25 09:37:00,2011-12-07 10:35:00
72801D,72801D,18,1,0,4 SKY BLUE DINNER CANDLES,4 SKY BLUE DINNER CANDLES,2010-12-02 14:47:00,2011-12-08 19:24:00
72801D,72801d,44,1,0,4 SKY BLUE DINNER CANDLES,4 SKY BLUE DINNER CANDLES,2010-12-14 15:56:00,2011-12-08 10:53:00
72802A,72802A,71,4,0,?,Wet pallet-thrown away,2010-12-03 15:05:00,2011-12-01 11:18:00
72802A,72802a,2,1,0,ROSE SCENT CANDLE IN JEWELLED BOX,ROSE SCENT CANDLE IN JEWELLED BOX,2011-07-04 11:10:00,2011-07-08 13:54:00
72802C,72802C,116,3,1,VANILLA SCENT CANDLE JEWELLED BOX,damages,2010-12-01 11:45:00,2011-11-30 14:46:00
72802C,72802c,1,1,0,VANILLA SCENT CANDLE JEWELLED BOX,VANILLA SCENT CANDLE JEWELLED BOX,2011-11-23 11:11:00,2011-11-23 11:11:00
72803B,72803B,1,0,1,NULL,NULL,2010-12-08 18:09:00,2010-12-08 18:09:00
72803B,72803b,1,1,0,OCEAN SCENT CANDLE JEWELLED DRAWER,OCEAN SCENT CANDLE JEWELLED DRAWER,2010-12-03 11:28:00,2010-12-03 11:28:00
72807A,72807A,117,5,0,???missing,wet pallet,2010-12-01 14:32:00,2011-11-25 10:49:00
72807A,72807a,5,1,0,SET/3 ROSE CANDLE IN JEWELLED BOX,SET/3 ROSE CANDLE IN JEWELLED BOX,2011-01-18 16:05:00,2011-11-25 15:23:00
72807B,72807B,116,4,0,????missing,wet pallet,2010-12-01 14:32:00,2011-11-24 12:45:00
72807B,72807b,4,1,0,SET/3 OCEAN SCENT CANDLE JEWEL BOX,SET/3 OCEAN SCENT CANDLE JEWEL BOX,2011-02-02 12:16:00,2011-04-15 10:37:00
72807C,72807C,170,4,0,???missing,wet pallet,2010-12-01 14:32:00,2011-12-01 09:34:00
72807C,72807c,5,1,0,SET/3 VANILLA SCENTED CANDLE IN BOX,SET/3 VANILLA SCENTED CANDLE IN BOX,2011-07-08 13:54:00,2011-11-23 11:11:00
79066K,79066K,149,1,0,RETRO MOD TRAY,RETRO MOD TRAY,2010-12-01 14:41:00,2011-12-09 11:34:00
79066K,79066k,10,1,0,RETRO MOD TRAY,RETRO MOD TRAY,2010-12-09 16:26:00,2011-11-20 13:58:00
82001S,82001S,132,2,0,SILVER RECORD COVER FRAME,VINYL RECORD FRAME SILVER,2010-12-03 11:36:00,2011-12-08 09:20:00
82001S,82001s,27,2,0,SILVER RECORD COVER FRAME,VINYL RECORD FRAME SILVER,2011-02-09 12:59:00,2011-12-09 10:26:00
82494L,82494L,939,3,3,WOODEN FRAME ANTIQUE WHITE,crushed ctn,2010-12-01 09:02:00,2011-12-08 19:55:00
82494L,82494l,61,1,0,WOODEN FRAME ANTIQUE WHITE,WOODEN FRAME ANTIQUE WHITE,2010-12-03 14:27:00,2011-12-08 10:53:00
82613A,82613A,19,2,0,Amazon,"METAL SIGN,CUPCAKE SINGLE HOOK",2010-12-20 16:50:00,2011-10-25 14:25:00
82613A,82613a,1,1,0,"METAL SIGN,CUPCAKE SINGLE HOOK","METAL SIGN,CUPCAKE SINGLE HOOK",2011-06-08 15:26:00,2011-06-08 15:26:00
82613B,82613B,113,1,1,"METAL SIGN,CUPCAKE SINGLE HOOK","METAL SIGN,CUPCAKE SINGLE HOOK",2010-12-01 14:32:00,2011-12-06 14:23:00
82613B,82613b,4,1,0,"METAL SIGN,CUPCAKE SINGLE HOOK","METAL SIGN,CUPCAKE SINGLE HOOK",2010-12-21 15:19:00,2011-07-08 13:54:00
82613C,82613C,97,1,0,"METAL SIGN,CUPCAKE SINGLE HOOK","METAL SIGN,CUPCAKE SINGLE HOOK",2010-12-01 14:32:00,2011-12-02 16:39:00
82613C,82613c,4,1,0,"METAL SIGN,CUPCAKE SINGLE HOOK","METAL SIGN,CUPCAKE SINGLE HOOK",2010-12-21 15:19:00,2011-10-26 14:42:00
84030E,84030E,338,1,0,ENGLISH ROSE HOT WATER BOTTLE,ENGLISH ROSE HOT WATER BOTTLE,2010-12-01 10:19:00,2011-12-08 19:24:00
84030E,84030e,44,1,0,ENGLISH ROSE HOT WATER BOTTLE,ENGLISH ROSE HOT WATER BOTTLE,2010-12-03 14:27:00,2011-12-08 11:21:00
84031A,84031A,166,1,0,CHARLIE+LOLA RED HOT WATER BOTTLE,CHARLIE+LOLA RED HOT WATER BOTTLE,2010-12-01 14:32:00,2011-12-09 11:20:00
84031A,84031a,1,1,0,CHARLIE+LOLA RED HOT WATER BOTTLE,CHARLIE+LOLA RED HOT WATER BOTTLE,2011-10-31 14:41:00,2011-10-31 14:41:00
84031B,84031B,146,1,0,CHARLIE LOLA BLUE HOT WATER BOTTLE,CHARLIE LOLA BLUE HOT WATER BOTTLE,2010-12-01 14:32:00,2011-12-09 11:20:00
84031B,84031b,1,1,0,CHARLIE LOLA BLUE HOT WATER BOTTLE,CHARLIE LOLA BLUE HOT WATER BOTTLE,2011-10-31 14:41:00,2011-10-31 14:41:00
84509A,84509A,233,1,0,SET OF 4 ENGLISH ROSE PLACEMATS,SET OF 4 ENGLISH ROSE PLACEMATS,2010-12-01 11:21:00,2011-12-08 16:30:00
84509A,84509a,68,1,0,SET OF 4 ENGLISH ROSE PLACEMATS,SET OF 4 ENGLISH ROSE PLACEMATS,2011-02-04 13:03:00,2011-12-09 10:26:00
84509B,84509B,80,1,0,SET OF 4 FAIRY CAKE PLACEMATS,SET OF 4 FAIRY CAKE PLACEMATS,2010-12-01 15:08:00,2011-12-08 20:01:00
84509B,84509b,4,1,0,SET OF 4 FAIRY CAKE PLACEMATS,SET OF 4 FAIRY CAKE PLACEMATS,2011-02-02 12:17:00,2011-11-13 11:50:00
84509C,84509C,51,1,0,SET OF 4 POLKADOT PLACEMATS,SET OF 4 POLKADOT PLACEMATS,2010-12-06 16:57:00,2011-12-05 17:24:00
84509C,84509c,27,1,0,SET OF 4 POLKADOT PLACEMATS,SET OF 4 POLKADOT PLACEMATS,2010-12-03 11:28:00,2011-12-05 11:58:00
84509G,84509G,66,1,0,SET OF 4 FAIRY CAKE PLACEMATS,SET OF 4 FAIRY CAKE PLACEMATS,2010-12-02 12:16:00,2011-12-08 15:54:00
84509G,84509g,2,1,0,SET OF 4 FAIRY CAKE PLACEMATS,SET OF 4 FAIRY CAKE PLACEMATS,2011-05-10 15:04:00,2011-05-10 15:07:00
84510A,84510A,242,1,0,SET OF 4 ENGLISH ROSE COASTERS,SET OF 4 ENGLISH ROSE COASTERS,2010-12-01 11:21:00,2011-12-09 08:48:00
84510A,84510a,40,1,0,SET OF 4 ENGLISH ROSE COASTERS,SET OF 4 ENGLISH ROSE COASTERS,2010-12-09 16:27:00,2011-06-28 11:53:00
84510C,84510C,54,1,0,SET OF 4 POLKADOT COASTERS,SET OF 4 POLKADOT COASTERS,2010-12-06 16:57:00,2011-12-05 17:24:00
84510C,84510c,23,1,0,SET OF 4 POLKADOT COASTERS,SET OF 4 POLKADOT COASTERS,2010-12-07 15:34:00,2011-12-05 11:48:00
84510E,84510E,16,1,0,SET OF 4 GREEN CAROUSEL COASTERS,SET OF 4 GREEN CAROUSEL COASTERS,2010-12-10 09:51:00,2011-12-06 12:12:00
84510E,84510e,1,1,0,SET OF 4 GREEN CAROUSEL COASTERS,SET OF 4 GREEN CAROUSEL COASTERS,2011-04-15 10:41:00,2011-04-15 10:41:00
84534B,84534B,14,1,4,FAIRY CAKE NOTEBOOK A5 SIZE,FAIRY CAKE NOTEBOOK A5 SIZE,2010-12-01 14:32:00,2011-03-29 10:22:00
84534B,84534b,2,1,0,FAIRY CAKE NOTEBOOK A5 SIZE,FAIRY CAKE NOTEBOOK A5 SIZE,2010-12-03 11:28:00,2010-12-21 15:23:00
84536A,84536A,346,1,0,ENGLISH ROSE NOTEBOOK A7 SIZE,ENGLISH ROSE NOTEBOOK A7 SIZE,2010-12-01 14:32:00,2011-12-08 15:03:00
84536A,84536a,4,1,0,ENGLISH ROSE NOTEBOOK A7 SIZE,ENGLISH ROSE NOTEBOOK A7 SIZE,2011-02-08 12:13:00,2011-11-20 13:58:00
84536B,84536B,181,1,0,FAIRY CAKES NOTEBOOK A7 SIZE,FAIRY CAKES NOTEBOOK A7 SIZE,2010-12-01 14:32:00,2011-12-06 16:26:00
84536B,84536b,1,1,0,FAIRY CAKES NOTEBOOK A7 SIZE,FAIRY CAKES NOTEBOOK A7 SIZE,2010-12-09 16:26:00,2010-12-09 16:26:00
84558A,84558A,82,1,0,3D DOG PICTURE PLAYING CARDS,3D DOG PICTURE PLAYING CARDS,2010-12-01 12:31:00,2011-12-05 11:49:00
84558A,84558a,5,1,0,3D DOG PICTURE PLAYING CARDS,3D DOG PICTURE PLAYING CARDS,2010-12-07 15:34:00,2011-12-09 10:26:00
84559A,84559A,94,1,0,3D SHEET OF DOG STICKERS,3D SHEET OF DOG STICKERS,2010-12-01 17:06:00,2011-12-09 10:03:00
84559A,84559a,22,1,0,3D SHEET OF DOG STICKERS,3D SHEET OF DOG STICKERS,2010-12-03 11:28:00,2011-06-27 09:12:00
84559B,84559B,58,1,1,3D SHEET OF CAT STICKERS,3D SHEET OF CAT STICKERS,2010-12-01 17:06:00,2011-11-02 13:50:00
84559B,84559b,20,1,0,3D SHEET OF CAT STICKERS,3D SHEET OF CAT STICKERS,2010-12-07 15:33:00,2011-09-20 14:46:00
84596B,84596B,530,1,0,SMALL DOLLY MIX DESIGN ORANGE BOWL,SMALL DOLLY MIX DESIGN ORANGE BOWL,2010-12-06 12:23:00,2011-12-09 10:03:00
84596B,84596b,5,1,0,SMALL DOLLY MIX DESIGN ORANGE BOWL,SMALL DOLLY MIX DESIGN ORANGE BOWL,2010-12-07 15:34:00,2010-12-21 15:20:00
84596E,84596E,81,1,2,SMALL LICORICE DES PINK BOWL,SMALL LICORICE DES PINK BOWL,2010-12-01 12:43:00,2011-04-01 12:32:00
84596E,84596e,6,1,0,SMALL LICORICE DES PINK BOWL,SMALL LICORICE DES PINK BOWL,2010-12-03 11:28:00,2010-12-14 15:56:00
84596F,84596F,445,1,0,SMALL MARSHMALLOWS PINK BOWL,SMALL MARSHMALLOWS PINK BOWL,2010-12-05 15:15:00,2011-12-09 10:03:00
84596F,84596f,12,1,0,SMALL MARSHMALLOWS PINK BOWL,SMALL MARSHMALLOWS PINK BOWL,2011-02-17 10:31:00,2011-12-05 11:48:00
84596G,84596G,249,2,1,??,SMALL CHOCOLATES PINK BOWL,2010-12-05 12:13:00,2011-12-08 15:31:00
84596G,84596g,1,1,0,SMALL CHOCOLATES PINK BOWL,SMALL CHOCOLATES PINK BOWL,2011-02-17 10:34:00,2011-02-17 10:34:00
84596L,84596L,173,1,1,BISCUITS SMALL BOWL LIGHT BLUE,BISCUITS SMALL BOWL LIGHT BLUE,2010-12-05 15:15:00,2011-09-18 12:21:00
84596L,84596l,1,1,0,BISCUITS SMALL BOWL LIGHT BLUE,BISCUITS SMALL BOWL LIGHT BLUE,2011-05-26 10:44:00,2011-05-26 10:44:00
84660A,84660A,47,2,2,WHITE STITCHED WALL CLOCK,damaged,2010-12-14 12:59:00,2011-10-03 16:46:00
84660A,84660a,2,1,0,WHITE STITCHED WALL CLOCK,WHITE STITCHED WALL CLOCK,2011-06-02 11:02:00,2011-06-21 16:36:00
84660B,84660B,40,1,0,BLACK STITCHED WALL CLOCK,BLACK STITCHED WALL CLOCK,2010-12-12 13:56:00,2011-09-01 14:26:00
84660B,84660b,2,1,0,BLACK STITCHED WALL CLOCK,BLACK STITCHED WALL CLOCK,2010-12-09 16:31:00,2011-09-07 12:44:00
84660C,84660C,47,1,2,PINK STITCHED WALL CLOCK,PINK STITCHED WALL CLOCK,2010-12-03 11:36:00,2011-09-08 16:14:00
84660C,84660c,16,1,0,PINK STITCHED WALL CLOCK,PINK STITCHED WALL CLOCK,2010-12-07 15:33:00,2011-08-11 10:14:00
84661A,84661A,20,1,0,WHITE SQUARE TABLE CLOCK,WHITE SQUARE TABLE CLOCK,2011-01-06 14:27:00,2011-12-08 09:28:00
84661A,84661a,1,1,0,WHITE SQUARE TABLE CLOCK,WHITE SQUARE TABLE CLOCK,2011-05-17 15:37:00,2011-05-17 15:37:00
84661B,84661B,29,1,0,BLACK SQUARE TABLE CLOCK,BLACK SQUARE TABLE CLOCK,2010-12-03 11:36:00,2011-12-08 09:28:00
84661B,84661b,1,1,0,BLACK SQUARE TABLE CLOCK,BLACK SQUARE TABLE CLOCK,2011-10-17 09:55:00,2011-10-17 09:55:00
84795B,84795B,48,1,0,SUNSET CHECK HAMMOCK,SUNSET CHECK HAMMOCK,2010-12-05 16:41:00,2011-11-08 09:07:00
84795B,84795b,14,1,0,SUNSET CHECK HAMMOCK,SUNSET CHECK HAMMOCK,2010-12-21 15:19:00,2011-11-30 14:11:00
84796A,84796A,43,1,0,PINK HAWAIIAN PICNIC HAMPER FOR 2,PINK HAWAIIAN PICNIC HAMPER FOR 2,2011-02-21 18:10:00,2011-12-02 14:26:00
84796A,84796a,12,1,0,PINK HAWAIIAN PICNIC HAMPER FOR 2,PINK HAWAIIAN PICNIC HAMPER FOR 2,2010-12-14 15:52:00,2011-08-24 09:36:00
84872A,84872A,36,1,2,TEATIME FUNKY FLOWER BACKPACK FOR 2,TEATIME FUNKY FLOWER BACKPACK FOR 2,2010-12-22 14:41:00,2011-07-26 13:57:00
84872A,84872a,21,1,0,TEATIME FUNKY FLOWER BACKPACK FOR 2,TEATIME FUNKY FLOWER BACKPACK FOR 2,2010-12-03 11:13:00,2011-04-26 09:50:00
84884A,84884A,79,1,0,ANT WHITE WIRE HEART SPIRAL,ANT WHITE WIRE HEART SPIRAL,2010-12-01 14:54:00,2011-12-06 16:26:00
84884A,84884a,26,1,0,ANT WHITE WIRE HEART SPIRAL,ANT WHITE WIRE HEART SPIRAL,2010-12-03 11:28:00,2011-12-07 10:35:00
84968A,84968A,102,1,0,SET OF 16 VINTAGE ROSE CUTLERY,SET OF 16 VINTAGE ROSE CUTLERY,2010-12-05 14:02:00,2011-12-04 15:13:00
84968A,84968a,3,1,0,SET OF 16 VINTAGE ROSE CUTLERY,SET OF 16 VINTAGE ROSE CUTLERY,2010-12-09 16:26:00,2011-10-31 13:48:00
84968D,84968D,56,1,0,SET OF 16 VINTAGE RED CUTLERY,SET OF 16 VINTAGE RED CUTLERY,2010-12-07 14:31:00,2011-12-08 09:20:00
84968D,84968d,3,1,0,SET OF 16 VINTAGE RED CUTLERY,SET OF 16 VINTAGE RED CUTLERY,2011-02-04 09:11:00,2011-10-04 10:14:00
84968E,84968E,47,2,0,SET OF 16 VINTAGE BLACK CUTLERY,check,2010-12-06 15:36:00,2011-12-07 14:34:00
84968E,84968e,6,1,0,SET OF 16 VINTAGE BLACK CUTLERY,SET OF 16 VINTAGE BLACK CUTLERY,2010-12-09 16:27:00,2011-12-09 10:26:00
84968F,84968F,66,2,0,SET OF 16 VINTAGE SKY BLUE CUTLERY,check,2010-12-06 10:36:00,2011-11-13 11:37:00
84968F,84968f,1,1,0,SET OF 16 VINTAGE SKY BLUE CUTLERY,SET OF 16 VINTAGE SKY BLUE CUTLERY,2010-12-21 15:20:00,2010-12-21 15:20:00
84970L,84970L,459,1,0,SINGLE HEART ZINC T-LIGHT HOLDER,SINGLE HEART ZINC T-LIGHT HOLDER,2010-12-01 11:41:00,2011-12-09 08:59:00
84970L,84970l,50,1,0,SINGLE HEART ZINC T-LIGHT HOLDER,SINGLE HEART ZINC T-LIGHT HOLDER,2010-12-03 11:13:00,2011-12-07 10:35:00
84970S,84970S,543,1,0,HANGING HEART ZINC T-LIGHT HOLDER,HANGING HEART ZINC T-LIGHT HOLDER,2010-12-01 10:19:00,2011-12-09 10:03:00
84970S,84970s,66,1,0,HANGING HEART ZINC T-LIGHT HOLDER,HANGING HEART ZINC T-LIGHT HOLDER,2010-12-03 11:13:00,2011-12-09 10:26:00
84971L,84971L,1,0,1,NULL,NULL,2011-11-24 10:36:00,2011-11-24 10:36:00
84971L,84971l,1,1,0,LARGE HEART FLOWERS HOOK,LARGE HEART FLOWERS HOOK,2011-11-25 15:23:00,2011-11-25 15:23:00
84989A,84989A,19,1,2,75 GREEN FAIRY CAKE CASES,75 GREEN FAIRY CAKE CASES,2011-01-05 12:15:00,2011-12-05 14:40:00
84989A,84989a,25,1,0,75 GREEN FAIRY CAKE CASES,75 GREEN FAIRY CAKE CASES,2010-12-07 15:31:00,2011-08-24 10:22:00
84993A,84993A,55,1,0,75 GREEN PETIT FOUR CASES,75 GREEN PETIT FOUR CASES,2010-12-03 11:35:00,2011-12-09 12:20:00
84993A,84993a,19,1,0,75 GREEN PETIT FOUR CASES,75 GREEN PETIT FOUR CASES,2011-02-02 12:16:00,2011-12-05 11:58:00
84997A,84997A,263,2,0,CHILDRENS CUTLERY POLKADOT GREEN,GREEN 3 PIECE POLKADOT CUTLERY SET,2010-12-01 16:49:00,2011-12-09 10:03:00
84997A,84997a,65,2,0,CHILDRENS CUTLERY POLKADOT GREEN,GREEN 3 PIECE POLKADOT CUTLERY SET,2011-01-26 16:01:00,2011-12-09 10:26:00
84997B,84997B,377,2,0,CHILDRENS CUTLERY RETROSPOT RED,RED 3 PIECE RETROSPOT CUTLERY SET,2010-12-01 09:37:00,2011-12-09 12:16:00
84997B,84997b,70,2,0,CHILDRENS CUTLERY RETROSPOT RED,RED 3 PIECE RETROSPOT CUTLERY SET,2010-12-03 14:27:00,2011-12-09 10:26:00
84997C,84997C,338,3,0,?,CHILDRENS CUTLERY POLKADOT BLUE,2010-12-01 09:37:00,2011-12-09 12:16:00
84997C,84997c,66,2,0,BLUE 3 PIECE POLKADOT CUTLERY SET,CHILDRENS CUTLERY POLKADOT BLUE,2010-12-03 14:27:00,2011-12-09 10:23:00
84997D,84997D,479,2,0,CHILDRENS CUTLERY POLKADOT PINK,PINK 3 PIECE POLKADOT CUTLERY SET,2010-12-01 12:49:00,2011-12-09 12:16:00
84997D,84997d,75,2,0,CHILDRENS CUTLERY POLKADOT PINK,PINK 3 PIECE POLKADOT CUTLERY SET,2010-12-03 14:27:00,2011-12-09 10:26:00
85014A,85014A,279,1,0,BLACK/BLUE POLKADOT UMBRELLA,BLACK/BLUE POLKADOT UMBRELLA,2010-12-01 10:03:00,2011-12-06 12:38:00
85014A,85014a,14,1,0,BLACK/BLUE POLKADOT UMBRELLA,BLACK/BLUE POLKADOT UMBRELLA,2010-12-03 11:28:00,2011-11-29 11:23:00
85014B,85014B,352,1,0,RED RETROSPOT UMBRELLA,RED RETROSPOT UMBRELLA,2010-12-01 10:03:00,2011-12-09 10:03:00
85014B,85014b,23,1,0,RED RETROSPOT UMBRELLA,RED RETROSPOT UMBRELLA,2010-12-03 11:28:00,2011-12-08 10:53:00
85034A,85034A,85,3,0,3 GARDENIA MORRIS BOXED CANDLES,damaged,2010-12-01 17:35:00,2011-11-25 09:37:00
85034A,85034a,3,1,0,3 GARDENIA MORRIS BOXED CANDLES,3 GARDENIA MORRIS BOXED CANDLES,2011-05-23 14:19:00,2011-11-08 15:24:00
85034B,85034B,122,1,0,3 WHITE CHOC MORRIS BOXED CANDLES,3 WHITE CHOC MORRIS BOXED CANDLES,2010-12-05 10:52:00,2011-12-08 12:26:00
85034B,85034b,1,1,0,3 WHITE CHOC MORRIS BOXED CANDLES,3 WHITE CHOC MORRIS BOXED CANDLES,2011-11-25 15:23:00,2011-11-25 15:23:00
85035A,85035A,88,2,0,CHECK,GARDENIA 3 WICK MORRIS BOXED CANDLE,2010-12-02 11:45:00,2011-10-31 11:55:00
85035A,85035a,2,1,0,GARDENIA 3 WICK MORRIS BOXED CANDLE,GARDENIA 3 WICK MORRIS BOXED CANDLE,2010-12-09 16:27:00,2010-12-21 15:21:00
85035B,85035B,71,2,0,CHOCOLATE 3 WICK MORRIS BOX CANDLE,check,2010-12-01 12:49:00,2011-10-31 11:48:00
85035B,85035b,1,1,0,CHOCOLATE 3 WICK MORRIS BOX CANDLE,CHOCOLATE 3 WICK MORRIS BOX CANDLE,2010-12-21 15:20:00,2010-12-21 15:20:00
85035C,85035C,135,2,0,ROSE 3 WICK MORRIS BOX CANDLE,check,2010-12-01 17:35:00,2011-11-27 14:40:00
85035C,85035c,1,1,0,ROSE 3 WICK MORRIS BOX CANDLE,ROSE 3 WICK MORRIS BOX CANDLE,2010-12-07 15:34:00,2010-12-07 15:34:00
85036A,85036A,66,1,1,GARDENIA 1 WICK MORRIS BOXED CANDLE,GARDENIA 1 WICK MORRIS BOXED CANDLE,2010-12-06 12:41:00,2011-11-16 10:23:00
85036A,85036a,1,1,0,GARDENIA 1 WICK MORRIS BOXED CANDLE,GARDENIA 1 WICK MORRIS BOXED CANDLE,2011-07-12 13:46:00,2011-07-12 13:46:00
85036B,85036B,52,3,0,CHOCOLATE 1 WICK MORRIS BOX CANDLE,damages wax,2010-12-03 15:45:00,2011-11-17 15:16:00
85036B,85036b,1,1,0,CHOCOLATE 1 WICK MORRIS BOX CANDLE,CHOCOLATE 1 WICK MORRIS BOX CANDLE,2010-12-03 11:28:00,2010-12-03 11:28:00
85039A,85039A,163,1,0,SET/4 RED MINI ROSE CANDLE IN BOWL,SET/4 RED MINI ROSE CANDLE IN BOWL,2010-12-01 14:32:00,2011-12-09 10:03:00
85039A,85039a,29,1,0,SET/4 RED MINI ROSE CANDLE IN BOWL,SET/4 RED MINI ROSE CANDLE IN BOWL,2010-12-03 11:13:00,2011-12-08 10:53:00
85040A,85040A,177,1,0,S/4 PINK FLOWER CANDLES IN BOWL,S/4 PINK FLOWER CANDLES IN BOWL,2010-12-07 18:36:00,2011-12-09 10:03:00
85040A,85040a,21,1,0,S/4 PINK FLOWER CANDLES IN BOWL,S/4 PINK FLOWER CANDLES IN BOWL,2011-01-18 14:59:00,2011-11-30 15:33:00
85049A,85049A,329,1,0,TRADITIONAL CHRISTMAS RIBBONS,TRADITIONAL CHRISTMAS RIBBONS,2010-12-01 09:56:00,2011-12-09 12:20:00
85049A,85049a,36,1,0,TRADITIONAL CHRISTMAS RIBBONS,TRADITIONAL CHRISTMAS RIBBONS,2010-12-03 14:27:00,2011-12-09 10:26:00
85049B,85049B,16,2,2,Amazon,LUSH GREENS RIBBONS,2010-12-03 10:33:00,2011-09-16 10:15:00
85049B,85049b,2,1,0,LUSH GREENS RIBBONS,LUSH GREENS RIBBONS,2011-03-29 13:44:00,2011-09-20 14:46:00
85049C,85049C,229,1,0,ROMANTIC PINKS RIBBONS,ROMANTIC PINKS RIBBONS,2010-12-01 11:29:00,2011-12-09 10:03:00
85049C,85049c,1,1,0,ROMANTIC PINKS RIBBONS,ROMANTIC PINKS RIBBONS,2011-11-23 11:11:00,2011-11-23 11:11:00
85049D,85049D,114,2,4,?,BRIGHT BLUES RIBBONS,2010-12-01 11:29:00,2011-10-06 17:51:00
85049D,85049d,2,1,0,BRIGHT BLUES RIBBONS,BRIGHT BLUES RIBBONS,2011-03-29 13:44:00,2011-05-10 15:06:00
85049E,85049E,417,1,0,SCANDINAVIAN REDS RIBBONS,SCANDINAVIAN REDS RIBBONS,2010-12-01 11:21:00,2011-12-09 12:20:00
85049E,85049e,42,1,0,SCANDINAVIAN REDS RIBBONS,SCANDINAVIAN REDS RIBBONS,2010-12-03 14:27:00,2011-12-09 10:26:00
85049G,85049G,270,1,0,CHOCOLATE BOX RIBBONS,CHOCOLATE BOX RIBBONS,2010-12-01 11:29:00,2011-12-09 10:03:00
85049G,85049g,51,1,0,CHOCOLATE BOX RIBBONS,CHOCOLATE BOX RIBBONS,2010-12-21 15:40:00,2011-12-09 10:23:00
85099F,85099F,834,1,2,JUMBO BAG STRAWBERRY,JUMBO BAG STRAWBERRY,2010-12-01 11:45:00,2011-12-08 16:30:00
85099F,85099f,10,1,0,JUMBO BAG STRAWBERRY,JUMBO BAG STRAWBERRY,2010-12-03 14:27:00,2011-01-11 14:42:00
85114A,85114A,56,1,0,BLACK ENCHANTED FOREST PLACEMAT,BLACK ENCHANTED FOREST PLACEMAT,2010-12-01 17:06:00,2011-12-01 19:42:00
85114A,85114a,15,1,0,BLACK ENCHANTED FOREST PLACEMAT,BLACK ENCHANTED FOREST PLACEMAT,2010-12-14 15:56:00,2011-06-08 15:25:00
85114B,85114B,78,1,0,IVORY ENCHANTED FOREST PLACEMAT,IVORY ENCHANTED FOREST PLACEMAT,2010-12-01 13:17:00,2011-12-08 16:30:00
85114B,85114b,14,1,0,IVORY ENCHANTED FOREST PLACEMAT,IVORY ENCHANTED FOREST PLACEMAT,2010-12-21 15:18:00,2011-12-08 10:53:00
85114C,85114C,78,1,0,RED ENCHANTED FOREST PLACEMAT,RED ENCHANTED FOREST PLACEMAT,2010-12-01 13:17:00,2011-12-09 10:03:00
85114C,85114c,35,1,0,RED ENCHANTED FOREST PLACEMAT,RED ENCHANTED FOREST PLACEMAT,2010-12-07 15:33:00,2011-12-05 11:58:00
85123A,85123A,2301,4,0,?,wrongly marked carton 22804,2010-12-01 08:26:00,2011-12-09 11:34:00
85123A,85123a,67,1,0,WHITE HANGING HEART T-LIGHT HOLDER,WHITE HANGING HEART T-LIGHT HOLDER,2010-12-03 14:27:00,2011-12-08 10:53:00
85132A,85132A,113,2,0,CHARLIE + LOLA BISCUITS TINS,damaged,2010-12-01 14:32:00,2011-05-24 12:16:00
85132A,85132a,8,1,0,CHARLIE + LOLA BISCUITS TINS,CHARLIE + LOLA BISCUITS TINS,2010-12-07 15:34:00,2011-05-10 15:09:00
85132B,85132B,76,1,1,CHARLIE AND LOLA TABLE TINS,CHARLIE AND LOLA TABLE TINS,2010-12-02 12:33:00,2011-06-28 11:03:00
85132B,85132b,9,1,0,CHARLIE AND LOLA TABLE TINS,CHARLIE AND LOLA TABLE TINS,2011-04-15 10:37:00,2011-06-21 16:36:00
85132C,85132C,217,2,0,CHARLIE AND LOLA FIGURES TINS,damages,2010-12-02 12:33:00,2011-09-02 09:38:00
85132C,85132c,3,1,0,CHARLIE AND LOLA FIGURES TINS,CHARLIE AND LOLA FIGURES TINS,2011-03-15 14:19:00,2011-04-26 09:50:00
85160A,85160A,2,1,1,WHITE BIRD GARDEN DESIGN MUG,WHITE BIRD GARDEN DESIGN MUG,2011-01-25 17:10:00,2011-03-04 11:45:00
85160A,85160a,1,1,0,WHITE BIRD GARDEN DESIGN MUG,WHITE BIRD GARDEN DESIGN MUG,2010-12-21 15:18:00,2010-12-21 15:18:00
85179A,85179A,59,1,0,GREEN BITTY LIGHT CHAIN,GREEN BITTY LIGHT CHAIN,2010-12-05 12:53:00,2011-12-09 10:03:00
85179A,85179a,1,1,0,GREEN BITTY LIGHT CHAIN,GREEN BITTY LIGHT CHAIN,2011-11-29 11:23:00,2011-11-29 11:23:00
85184C,85184C,194,2,0,S/4 VALENTINE DECOUPAGE HEART BOX,SET 4 VALENTINE DECOUPAGE HEART BOX,2010-12-01 11:49:00,2011-12-08 16:30:00
85184C,85184c,2,1,0,SET 4 VALENTINE DECOUPAGE HEART BOX,SET 4 VALENTINE DECOUPAGE HEART BOX,2011-08-24 09:36:00,2011-10-26 14:42:00
85231B,85231B,155,1,0,CINAMMON SET OF 9 T-LIGHTS,CINAMMON SET OF 9 T-LIGHTS,2010-12-01 12:23:00,2011-12-08 13:50:00
85231B,85231b,3,1,0,CINAMMON SET OF 9 T-LIGHTS,CINAMMON SET OF 9 T-LIGHTS,2010-12-21 15:17:00,2011-04-15 10:40:00
85231G,85231G,85,3,0,ORANGE SCENTED SET/9 T-LIGHTS,check,2010-12-01 12:23:00,2011-11-22 09:55:00
85231G,85231g,6,1,0,ORANGE SCENTED SET/9 T-LIGHTS,ORANGE SCENTED SET/9 T-LIGHTS,2011-01-14 10:12:00,2011-05-10 15:09:00
90183C,90183C,9,1,0,BLACK DROP EARRINGS W LONG BEADS,BLACK DROP EARRINGS W LONG BEADS,2011-01-28 14:25:00,2011-12-09 10:03:00
90183C,90183c,1,1,0,BLACK DROP EARRINGS W LONG BEADS,BLACK DROP EARRINGS W LONG BEADS,2011-10-31 14:41:00,2011-10-31 14:41:00
90184C,90184C,17,1,0,BLACK CHUNKY BEAD BRACELET W STRAP,BLACK CHUNKY BEAD BRACELET W STRAP,2010-12-06 16:57:00,2011-12-09 10:03:00
90184C,90184c,1,1,0,BLACK CHUNKY BEAD BRACELET W STRAP,BLACK CHUNKY BEAD BRACELET W STRAP,2011-10-31 14:41:00,2011-10-31 14:41:00
M,M,566,1,0,Manual,Manual,2010-12-01 15:35:00,2011-12-09 10:28:00
M,m,1,1,0,Manual,Manual,2010-12-21 15:18:00,2010-12-21 15:18:00
