normalized_stock_code,Description,row_count,first_seen,last_seen,description_count,frequency_rank
23196,VINTAGE LEAF MAGNETIC NOTEPAD,278,2011-07-06 13:56:00,2011-12-09 10:26:00,4,1
23196,RETRO LEAVES MAGNETIC NOTEPAD,21,2011-06-23 11:51:00,2011-07-20 10:51:00,4,2
23196,RETO LEAVES MAGNETIC SHOPPING LIST,3,2011-06-24 09:22:00,2011-09-22 14:26:00,4,3
23196,LEAVES MAGNETIC  SHOPPING LIST,2,2011-07-01 14:53:00,2011-07-14 12:22:00,4,4
23236,STORAGE TIN VINTAGE DOILY,192,2011-08-05 17:12:00,2011-12-08 16:30:00,4,1
23236,DOILEY STORAGE TIN,123,2011-06-08 12:44:00,2011-11-10 16:51:00,4,2
23236,DOILEY BISCUIT TIN,13,2011-06-09 12:27:00,2011-09-14 10:34:00,4,3
23236,STORAGE TIN VINTAGE DOILEY,2,2011-08-04 16:32:00,2011-08-09 14:57:00,4,4
17107D,"FLOWER FAIRY,5 SUMMER B'DRAW LINERS",25,2010-12-03 12:24:00,2011-06-19 14:42:00,3,1
17107D,FLOWER FAIRY 5 DRAWER LINERS,20,2011-08-28 13:32:00,2011-12-05 15:51:00,3,2
17107D,FLOWER FAIRY 5 SUMMER DRAW LINERS,1,2011-09-19 15:00:00,2011-09-19 15:00:00,3,3
22776,SWEETHEART CAKESTAND 3 TIER,377,2010-12-01 12:49:00,2011-10-10 13:30:00,3,1
22776,SWEETHEART 3 TIER CAKE STAND,159,2011-08-31 16:09:00,2011-12-09 10:26:00,3,2
22776,"CAKESTAND, 3 TIER, LOVEHEART",1,2010-12-02 10:53:00,2010-12-02 10:53:00,3,3
22937,BAKING MOULD CHOCOLATE CUPCAKES,161,2010-12-08 10:40:00,2011-12-07 08:45:00,3,1
22937,BAKING MOULD CHOCOLATE CUP CAKES,2,2010-12-09 10:04:00,2010-12-09 10:05:00,3,2
22937,BAKING MOULD CUPCAKE CHOCOLATE,1,2010-12-14 11:39:00,2010-12-14 11:39:00,3,3
23126,FELTCRAFT GIRL AMELIE KIT,277,2011-03-03 13:45:00,2011-12-09 12:20:00,3,1
23126,DOLLCRAFT GIRL AMELIE,8,2011-03-08 14:47:00,2011-05-19 19:32:00,3,2
23126,DOLLCRAFT GIRL AMELIE KIT,8,2011-03-02 16:26:00,2011-05-19 10:38:00,3,2
23131,MISTLETOE HEART WREATH CREAM,111,2011-04-26 16:45:00,2011-12-08 19:29:00,3,1
23131,MISELTOE HEART WREATH WHITE,4,2011-05-12 10:10:00,2011-10-05 08:53:00,3,2
23131,MISELTOE HEART WREATH CREAM,1,2011-07-31 15:42:00,2011-07-31 15:42:00,3,3
23203,JUMBO BAG VINTAGE DOILY,718,2011-08-05 16:43:00,2011-12-09 09:38:00,3,1
23203,JUMBO BAG DOILEY PATTERNS,517,2011-05-06 15:54:00,2011-11-09 13:56:00,3,2
23203,JUMBO BAG VINTAGE DOILEY,7,2011-08-04 16:38:00,2011-08-09 14:57:00,3,3
23209,LUNCH BAG VINTAGE DOILY,612,2011-08-05 16:43:00,2011-12-08 17:54:00,3,1
23209,LUNCH BAG DOILEY PATTERN,497,2011-05-08 11:08:00,2011-10-21 13:13:00,3,2
23209,LUNCH BAG VINTAGE DOILEY,5,2011-08-04 16:38:00,2011-08-12 11:08:00,3,3
23231,WRAP DOILEY DESIGN,164,2011-01-12 15:06:00,2011-08-18 08:49:00,3,1
23231,WRAP  VINTAGE DOILY,94,2011-08-09 14:18:00,2011-12-08 14:14:00,3,2
23231,WRAP  VINTAGE DOILEY,2,2011-08-05 11:00:00,2011-08-09 13:51:00,3,3
23240,SET OF 4 KNICK KNACK TINS DOILY,360,2011-08-05 15:38:00,2011-12-09 08:48:00,3,1
23240,SET OF 4 KNICK KNACK TINS DOILEY,185,2011-06-07 13:10:00,2011-10-06 13:42:00,3,2
23240,SET OF 4 KNICK KNACK TINS  DOILEY,1,2011-08-09 14:57:00,2011-08-09 14:57:00,3,3
23244,ROUND STORAGE TIN VINTAGE LEAF,103,2011-06-08 13:35:00,2011-12-08 16:30:00,3,1
23244,STORAGE TIN VINTAGE LEAF,7,2011-06-09 10:23:00,2011-09-22 14:26:00,3,2
23244,CANNISTER VINTAGE LEAF DESIGN,2,2011-06-14 09:43:00,2011-06-14 11:23:00,3,3
23366,SET 12 COLOURING PENCILS DOILY,194,2011-09-22 11:46:00,2011-12-09 10:03:00,3,1
23366,SET 12 COLOUR PENCILS DOILEY,3,2011-09-22 12:02:00,2011-10-21 14:41:00,3,2
23366,SET 12 COLOURING PENCILS DOILEY,1,2011-10-06 09:11:00,2011-10-06 09:11:00,3,3
23370,SET 36 COLOURING PENCILS DOILY,149,2011-09-22 12:42:00,2011-12-09 10:26:00,3,1
23370,SET 36 COLOUR PENCILS DOILEY,3,2011-09-22 12:02:00,2011-10-03 12:48:00,3,2
23370,SET 36 COLOURING PENCILS DOILEY,1,2011-10-06 09:11:00,2011-10-06 09:11:00,3,3
23396,LE JARDIN BOTANIQUE CUSHION COVER,171,2011-09-18 11:51:00,2011-12-08 18:42:00,3,1
23396,LA JARDIN BOTANIQUE CUSHION COVER,28,2011-09-04 14:36:00,2011-10-06 09:37:00,3,2
23396,BUTTERFLY CUSHION COVER,2,2011-09-04 12:07:00,2011-09-15 12:47:00,3,3
23413,VINTAGE COFFEE GRINDER BOX,30,2011-09-07 16:00:00,2011-10-20 14:40:00,3,1
23413,DECORATIVE VINTAGE COFFEE  BOX,22,2011-10-25 14:35:00,2011-12-08 16:30:00,3,2
23413,DECROTIVEVINTAGE COFFEE GRINDER BOX,6,2011-10-18 16:58:00,2011-10-26 11:19:00,3,3
23535,WALL ART BICYCLE SAFETY,174,2011-10-05 12:49:00,2011-12-09 10:20:00,3,1
23535,BICYCLE SAFTEY WALL ART,39,2011-10-02 14:37:00,2011-11-28 09:55:00,3,2
23535,WALL ART BICYCLE SAFTEY,3,2011-10-03 14:59:00,2011-10-04 14:41:00,3,3
16156L,WRAP CAROUSEL,14,2011-03-29 15:15:00,2011-12-02 10:22:00,2,1
16156L,"WRAP, CAROUSEL",4,2011-01-07 09:40:00,2011-03-03 13:45:00,2,2
20622,VIPPASSPORT COVER,34,2010-12-01 14:32:00,2011-06-22 12:16:00,2,1
20622,VIP PASSPORT COVER,17,2011-06-29 15:58:00,2011-12-05 17:24:00,2,2
20725,LUNCH BAG RED RETROSPOT,1581,2010-12-01 09:37:00,2011-12-09 12:23:00,2,1
20725,LUNCH BAG RED SPOTTY,1,2011-01-14 14:11:00,2011-01-14 14:11:00,2,2
20914,SET/5 RED RETROSPOT LID GLASS BOWLS,892,2010-12-01 11:32:00,2011-12-09 10:03:00,2,1
20914,SET/5 RED SPOTTY LID GLASS BOWLS,1,2011-01-14 14:11:00,2011-01-14 14:11:00,2,2
21109,LARGE CAKE TOWEL CHOCOLATE SPOTS,108,2010-12-13 15:44:00,2011-12-09 11:26:00,2,1
21109,"LARGE CAKE TOWEL, CHOCOLATE SPOTS",8,2010-12-01 17:06:00,2010-12-13 13:25:00,2,2
21112,"SWISS ROLL TOWEL, PINK  SPOTS",43,2010-12-03 11:36:00,2011-01-25 10:56:00,2,1
21112,SWISS ROLL TOWEL PINK  SPOTS,39,2011-01-20 18:01:00,2011-12-05 11:58:00,2,2
21175,GIN + TONIC DIET METAL SIGN,762,2010-12-01 09:41:00,2011-11-30 17:22:00,2,1
21175,GIN AND TONIC DIET METAL SIGN,50,2011-11-25 16:14:00,2011-12-09 10:03:00,2,2
21232,STRAWBERRY CERAMIC TRINKET BOX,710,2010-12-01 10:52:00,2011-12-01 11:18:00,2,1
21232,STRAWBERRY CERAMIC TRINKET POT,126,2011-10-24 17:09:00,2011-12-09 10:26:00,2,2
21243,PINK  POLKADOT PLATE,186,2010-12-01 11:49:00,2011-10-25 14:39:00,2,1
21243,PINK POLKADOT PLATE,25,2011-11-07 15:33:00,2011-12-08 16:30:00,2,2
21507,"ELEPHANT, BIRTHDAY CARD,",167,2010-12-01 14:32:00,2011-08-25 09:55:00,2,1
21507,ELEPHANT BIRTHDAY CARD,95,2011-08-28 13:35:00,2011-12-09 12:16:00,2,2
21811,HANGING HEART WITH BELL,227,2011-01-31 09:50:00,2011-11-23 12:45:00,2,1
21811,CHRISTMAS HANGING HEART WITH BELL,26,2010-12-01 11:45:00,2011-01-18 16:06:00,2,2
21818,GLITTER HEART DECORATION,154,2011-02-02 12:26:00,2011-12-07 16:56:00,2,1
21818,GLITTER CHRISTMAS HEART,24,2010-12-01 15:08:00,2011-01-17 17:54:00,2,2
21899,GARAGE KEY FOB,148,2011-06-29 15:58:00,2011-12-08 16:18:00,2,1
21899,"KEY FOB , GARAGE DESIGN",133,2010-12-01 17:06:00,2011-07-04 16:08:00,2,2
21928,JUMBO BAG SCANDINAVIAN BLUE PAISLEY,664,2011-02-21 18:15:00,2011-12-09 10:26:00,2,1
21928,JUMBO BAG SCANDINAVIAN PAISLEY,145,2010-12-01 14:11:00,2011-05-11 13:49:00,2,2
22129,PARTY CONES CANDY DECORATION,67,2011-08-30 12:02:00,2011-12-09 10:03:00,2,1
22129,PARTY CONES CANDY TREE DECORATION,33,2010-12-05 13:42:00,2011-08-10 12:35:00,2,2
22134,MINI LADLE LOVE HEART RED,154,2010-12-23 13:26:00,2011-12-09 10:03:00,2,1
22134,LADLE LOVE HEART RED,9,2010-12-01 14:32:00,2010-12-13 09:35:00,2,2
22135,MINI LADLE LOVE HEART PINK,166,2010-12-17 16:59:00,2011-12-09 10:03:00,2,1
22135,LADLE LOVE HEART PINK,13,2010-12-01 14:32:00,2010-12-21 15:19:00,2,2
22179,SET 10 NIGHT OWL LIGHTS,172,2011-05-17 15:35:00,2011-12-09 10:26:00,2,1
22179,SET 10 LIGHTS NIGHT OWL,120,2010-12-01 11:49:00,2011-05-13 10:02:00,2,2
22197,POPCORN HOLDER,825,2011-06-12 12:01:00,2011-12-09 12:19:00,2,1
22197,SMALL POPCORN HOLDER,593,2010-12-01 10:19:00,2011-09-19 10:10:00,2,2
22199,FRYING PAN RED RETROSPOT,166,2010-12-05 14:02:00,2011-12-09 11:20:00,2,1
22199,FRYING PAN RED POLKADOT,1,2011-01-14 14:11:00,2011-01-14 14:11:00,2,2
22246,MAGIC GARDEN FELT GARLAND,89,2010-12-01 17:06:00,2011-11-24 09:50:00,2,1
22246,"GARLAND, MAGIC GARDEN 1.8M",1,2010-12-03 14:04:00,2010-12-03 14:04:00,2,2
22268,DECORATION SITTING BUNNY,85,2011-05-29 11:34:00,2011-11-10 15:32:00,2,1
22268,EASTER DECORATION SITTING BUNNY,77,2011-01-05 11:30:00,2011-05-22 11:42:00,2,2
22285,HANGING HEN ON NEST DECORATION,117,2010-12-17 14:49:00,2011-12-05 17:24:00,2,1
22285,"DECORATION HEN ON NEST, HANGING",6,2010-12-02 11:41:00,2010-12-15 16:03:00,2,2
22286,DECORATION WOBBLY RABBIT METAL,67,2011-04-04 16:01:00,2011-12-01 12:01:00,2,1
